nim,name,email,phone_number
1,Marketa,mseabourne0@bbb.org,2396113444
2,Fancie,fmarkwick1@sciencedaily.com,9159759606
3,Hedda,hbon2@sourceforge.net,2305815885
4,Batholomew,battride3@edublogs.org,1936843859
5,Brynna,bguerrier4@psu.edu,5168818480
6,Dilly,dspeake5@cocolog-nifty.com,9388704253
7,Dotti,djakoubec6@issuu.com,9058872351
8,Tailor,tjaime7@photobucket.com,1787095902
9,Aldon,awallhead8@spiegel.de,9529464172
10,Artemus,ajuste9@weebly.com,8934116374
11,Craggie,cbedforda@gizmodo.com,2019254758
12,Bert,btearnyb@europa.eu,7224612130
13,Tansy,tjoiscec@ask.com,5152026917
14,Vidovik,vcorrd@google.co.uk,2603507236
15,Simeon,smandrese@scribd.com,7484660646
16,Adara,akrierf@a8.net,5032288161
17,Rayna,rdonkersleyg@discovery.com,7377185215
18,Kiele,kflindersh@weibo.com,1617631067
19,Carlen,csarfasi@wired.com,9442946984
20,Melantha,mspellarj@fc2.com,2916805588
21,Sherye,siredellk@lulu.com,7474990671
22,Faith,fspringl@soundcloud.com,1232349732
23,Pen,pbasonm@pinterest.com,8357130469
24,Corney,chucn@baidu.com,7618120567
25,Roana,rharsnepo@squidoo.com,7103306987
26,Vikky,vmaclennanp@google.com,7233987373
27,Tyne,tslateq@geocities.jp,5833325637
28,Jeanette,jdeperor@acquirethisname.com,1283347736
29,Claiborne,cpuzeys@ihg.com,2941446741
30,Violet,vwinsert@google.de,1392590845
31,Nicoline,nhuttu@amazon.com,1034216962
32,Gavra,gfearnleyv@yale.edu,8604614644
33,Tamra,tcallejaw@examiner.com,2283390251
34,Arlana,alansberryx@ihg.com,4878462372
35,Nadine,ntabery@bloomberg.com,3041648000
36,Silvan,smehewz@comsenz.com,3772176017
37,Katerina,kbilney10@hp.com,1886874969
38,Wayne,wjarrette11@weebly.com,5698458861
39,Elena,equarmby12@fotki.com,3631586879
40,Sandro,sthain13@hubpages.com,6585566497
41,Corbett,ccomley14@adobe.com,8379137516
42,Monah,mdyos15@myspace.com,5485640976
43,Mag,mspeers16@mac.com,2099996151
44,Kit,kstapells17@123-reg.co.uk,1311914361
45,Ernesto,ejossum18@utexas.edu,9655153109
46,Yancey,yproffer19@taobao.com,4701821319
47,Con,cstafford1a@state.tx.us,3438776139
48,Chelsey,cweeden1b@feedburner.com,4746371579
49,Calhoun,ckitchenman1c@goo.ne.jp,7659923861
50,Kirbee,kbaltrushaitis1d@dmoz.org,3395292834
51,Dillon,dwinspar1e@sun.com,9112761666
52,Margy,mhowford1f@ebay.co.uk,1684943077
53,Glenden,gdaunter1g@fc2.com,8156545507
54,Fredericka,ffosten1h@ehow.com,6243517052
55,Darren,djess1i@yolasite.com,5562662234
56,Cissy,cwykey1j@nbcnews.com,5403206047
57,Chere,ccartmell1k@comsenz.com,3708937726
58,Carolann,crizzardo1l@4shared.com,1776514303
59,Orrin,omourge1m@statcounter.com,1742325165
60,Alic,arobrow1n@arizona.edu,1836953543
61,Hillary,hglowacha1o@ow.ly,8059742357
62,Sean,scollicott1p@time.com,2982266398
63,Ginelle,ggitthouse1q@moonfruit.com,8519419868
64,Elga,eferry1r@clickbank.net,9601664888
65,Neale,nmccarroll1s@meetup.com,4788364512
66,Carroll,cbagehot1t@xrea.com,3634442277
67,Kym,ktitterrell1u@wunderground.com,8613603092
68,Arlen,ahulbert1v@nifty.com,6578302388
69,Cleon,cdesbrow1w@amazon.co.uk,7032475707
70,Joanna,jrutland1x@hao123.com,3992576135
71,Claude,ctotterdell1y@over-blog.com,6014931802
72,Vance,vbaukham1z@mashable.com,8173068357
73,Michael,mkerman20@blogspot.com,8507140858
74,Bale,bcomo21@ted.com,8426018218
75,Kassey,kchrispin22@va.gov,4709601889
76,Saundra,svyvyan23@surveymonkey.com,8648923851
77,Margit,mhammerstone24@friendfeed.com,6518079013
78,Zebedee,zbedminster25@senate.gov,8291116256
79,Leicester,lthomasen26@google.com.au,7132534991
80,Torre,tmurrthum27@un.org,6598682032
81,Gayle,gondracek28@google.com.br,4294428162
82,Michelle,mpostins29@livejournal.com,4462210520
83,Jillana,jburdess2a@independent.co.uk,4616266449
84,Dunc,dgunningham2b@friendfeed.com,2324319958
85,Iggy,ibackwell2c@indiatimes.com,3905645495
86,Emerson,eweldon2d@blogger.com,6595119688
87,Melisa,mhaccleton2e@sitemeter.com,5474604500
88,Rachele,rdevil2f@bloomberg.com,6685210813
89,Ed,ericcardi2g@shareasale.com,3599216472
90,Margarita,mchewter2h@ucoz.com,9688204733
91,Pia,ppoetz2i@marketwatch.com,3687507174
92,Jessica,jgrunnill2j@senate.gov,8522235726
93,Fremont,frodrigues2k@apple.com,4414818647
94,Winslow,wbenyan2l@naver.com,3065431457
95,Ned,nmccreedy2m@mail.ru,2288067895
96,Standford,sbiasioli2n@shinystat.com,6797086845
97,Meryl,mmurton2o@spiegel.de,5732548673
98,Wandis,wjeffes2p@ed.gov,1193506269
99,Tonia,tjellybrand2q@lulu.com,3521509510
100,Caryl,clodwig2r@shareasale.com,8822747074
